training_wkdir	RESULTS_load_params
rng_seednum	0
data_dir	tests/full_code_vs_simulation_tests/two-tkf92_two-hky/DATA
train_dset_splits	['ONLY-FW_5000SAMPS-hky85-tkf92_simul-2-classes']
test_dset_splits	['ONLY-FW_5000SAMPS-hky85-tkf92_simul-2-classes']
toss_alignments_longer_than	None
batch_size	5000
chunk_length	512
emission_alphabet_size	4
norm_loss_by	desc_len
gap_idx	43
num_epochs	1
early_stop_cond1_atol	0.001
early_stop_cond2_gap	3
patience	10
update_grads	False
save_per_sample_losses	True
pred_model_type	pairhmm_frag_and_site_classes
use_scan_fns	False
seq_padding_idx	0
align_padding_idx	-9
base_alphabet_size	7
gap_tok	43
