training_wkdir	RESULTS_load_params
load_all	True
num_mixtures	2
norm_loss_by_length	False
subst_model_type	hky85
norm_rate_matrix	True
norm_rate_mults	False
random_init_exchanges	False
indel_model_type	tkf92
times_from	t_array_from_file
exponential_dist_param	1.1158886772273318
min_time	-1
filenames/times	tests/full_code_vs_simulation_tests/two-tkf92_two-hky/params/hky85-tkf92_simul-2-classes_TO_LOAD_toy_align_times.txt
filenames/exch	tests/full_code_vs_simulation_tests/two-tkf92_two-hky/params/hky85-tkf92_simul-2-classes_TO_LOAD_ti_tv.npy
filenames/class_probs	tests/full_code_vs_simulation_tests/two-tkf92_two-hky/params/hky85-tkf92_simul-2-classes_TO_LOAD_class_probs.npy
filenames/rate_mult	tests/full_code_vs_simulation_tests/two-tkf92_two-hky/params/hky85-tkf92_simul-2-classes_TO_LOAD_rate_multiplier.npy
filenames/equl_dist	tests/full_code_vs_simulation_tests/two-tkf92_two-hky/params/hky85-tkf92_simul-2-classes_TO_LOAD_equl.npy
filenames/tkf_params_file	tests/full_code_vs_simulation_tests/two-tkf92_two-hky/params/hky85-tkf92_simul-2-classes_TO_LOAD_tkf92_dict.pkl
tkf_err 	0.0001
num_tkf_fragment_classes	2
seq_padding_idx	0
align_padding_idx	-9
base_alphabet_size	7
gap_tok	43
norm_loss_by	desc_len
emission_alphabet_size	4
