RUN	RESULTS_load_params
joint_ave_loss	917.497196723235
joint_ave_loss_seqlen_normed	3.249898565663011
joint_perplexity	49.86035854222442
cond_ave_loss	523.416548314362
cond_ave_loss_seqlen_normed	1.8125217277293122
cond_perplexity	6.209754367079335
anc_ave_loss	394.0806484088729
anc_ave_loss_seqlen_normed	1.4307811434477702
anc_perplexity	8.025994306807148
desc_ave_loss	393.8441190587402
desc_ave_loss_seqlen_normed	1.4301805694590901
desc_perplexity	7.9928971438909935
joint_ece	25.78772402383579
cond_ece	6.125875761806354
anc_ece	4.181964630639205
desc_ece	4.179453805504065
